{"0.05-128-500": {"1": [4.0621649622917175, 3.3205419778823853, 1.370616853237152, 1.1665016412734985, 0.845202162861824, 0.4086017683148384, 0.38805368170142174, 0.24004512280225754, 0.13189791329205036, 0.13490752317011356, 0.09370998106896877, 0.0715738981962204, 0.07142126373946667, 0.05677088722586632, 0.05064593069255352, 0.04830849636346102, 0.04193785972893238, 0.03866708930581808, 0.03799271862953901, 0.03608072083443403, 0.03487137146294117, 0.034167034551501274, 0.032954270485788584, 0.03221142617985606, 0.031241077464073896, 0.030562505591660738, 0.029923965223133564, 0.029345764312893152, 0.028967847116291523, 0.028121516574174166, 0.027868523728102446, 0.02734962711110711, 0.026851803995668888, 0.026260257232934237, 0.02604904817417264, 0.025445579085499048, 0.024931715335696936, 0.024712372105568647, 0.024106592871248722, 0.023976156022399664, 0.023543219082057476, 0.02329443208873272, 0.02266462054103613, 0.022617658134549856, 0.02216703398153186, 0.021805669646710157, 0.021719266660511494, 0.021275722421705723, 0.02099611610174179, 0.020740322303026915, 0.02037222310900688, 0.020208777859807014, 0.019919435027986765, 0.01971554197371006, 0.019228761084377766, 0.019047243986278772, 0.018829697277396917, 0.018517757300287485, 0.01840048236772418, 0.018203390762209892, 0.01811039261519909, 0.017708702944219112, 0.017446849029511213, 0.01742285815998912, 0.017064836341887712, 0.017070937901735306, 0.016692543169483542, 0.01675576390698552, 0.016386201372370124, 0.01630905270576477, 0.01599339349195361, 0.0157862501218915, 0.015374764101579785, 0.015544919995591044, 0.015300732105970383, 0.015304147498682141, 0.015092226676642895, 0.014746626606211066, 0.014536391012370586, 0.01459070690907538, 0.014508529799059033, 0.014190579066053033, 0.014149447903037071, 0.014074841048568487, 0.01393278781324625, 0.013713092543184757, 0.013581821462139487, 0.013531088130548596, 0.013313403353095055, 0.013141749426722527, 0.013234102865681052, 0.012950368924066424, 0.012836187146604061, 0.012771507259458303, 0.012507973238825798, 0.012620093068107963, 0.012356363469734788, 0.012268102262169123, 0.012242625467479229, 0.012071553617715836], "2": [9.228452682495117, 9.167813301086426, 9.118899822235107, 8.98344373703003, 8.849046468734741, 8.86571192741394, 8.624939680099487, 8.393460750579834, 8.329796075820923, 8.171101927757263, 7.875460505485535, 7.87340521812439, 7.875291466712952, 7.749411702156067, 7.558015823364258, 7.457901358604431, 7.426136016845703, 7.286577939987183, 7.461502313613892, 7.232439398765564, 7.16959810256958, 7.184024930000305, 7.145324110984802, 7.023300766944885, 7.0826722383499146, 6.949487328529358, 6.774131417274475, 6.912235736846924, 6.938149929046631, 6.903038501739502, 6.776078581809998, 6.877092599868774, 6.738621115684509, 6.729513883590698, 6.543437600135803, 6.600076913833618, 6.618708491325378, 6.539799094200134, 6.360193371772766, 6.529027342796326, 6.352589726448059, 6.364321708679199, 6.260930180549622, 6.152851462364197, 6.163282155990601, 6.191995143890381, 6.197420954704285, 6.086437106132507, 5.942127227783203, 6.023470759391785, 5.977674961090088, 6.032560229301453, 6.086473226547241, 5.76389479637146, 5.822356224060059, 5.928552508354187, 5.6654181480407715, 5.787927627563477, 5.723901152610779, 5.631941556930542, 5.5621548891067505, 5.741782069206238, 5.343290209770203, 5.607559680938721, 5.494727849960327, 5.437084197998047, 5.20135235786438, 5.305851936340332, 5.363127708435059, 5.331443428993225, 5.4240641593933105, 5.429271340370178, 5.151001691818237, 5.0939459800720215, 5.147487640380859, 5.129760384559631, 5.161903619766235, 5.0368629693984985, 5.062065958976746, 4.930240154266357, 5.1414289474487305, 4.846625208854675, 4.795989394187927, 4.7304607629776, 4.854616761207581, 4.939648747444153, 4.945534586906433, 4.858205556869507, 4.7442866563797, 4.515790820121765, 4.687542796134949, 4.764056444168091, 4.753204107284546, 4.620304465293884, 4.557510018348694, 4.814295172691345, 4.546096682548523, 4.6435383558273315, 4.412377893924713, 4.6176663637161255], "3": [181.33783721923828, 179.76008224487305, 178.81232285499573, 176.693274974823, 174.5518720149994, 173.33000302314758, 169.681578874588, 165.5638301372528, 163.40343928337097, 158.19979655742645, 154.36379206180573, 152.87543046474457, 151.12248849868774, 149.9737913608551, 150.34305346012115, 150.15530586242676, 149.62752258777618, 149.4687840938568, 148.6336566209793, 147.5510528087616, 147.14604830741882, 146.29384922981262, 145.4803957939148, 145.3002029657364, 144.74245941638947, 144.37159371376038, 144.24877202510834, 144.17585241794586, 143.36719632148743, 142.43127131462097, 142.04734981060028, 141.49723756313324, 140.6083641052246, 139.50140917301178, 140.03455579280853, 140.27031695842743, 139.51202774047852, 139.09448742866516, 139.0899531841278, 140.0759435892105, 138.7591015100479, 137.27069628238678, 136.96461582183838, 136.78519535064697, 137.59162414073944, 137.65609443187714, 138.09714436531067, 136.6368851661682, 135.60936319828033, 136.155193567276, 136.52656996250153, 137.93633592128754, 136.94718551635742, 136.9205870628357, 134.73963224887848, 134.9375021457672, 135.826198220253, 136.45965695381165, 136.67727935314178, 135.8564614057541, 132.0877504348755, 133.06154370307922, 135.6643509864807, 136.13825464248657, 135.18463575839996, 135.01363945007324, 136.9920358657837, 135.6336864233017, 133.39944767951965, 133.40605676174164, 136.38539457321167, 135.58749151229858, 132.84190165996552, 131.74242615699768, 133.8616133928299, 134.66447734832764, 133.50824010372162, 132.62866747379303, 133.6273455619812, 133.32388722896576, 132.01457011699677, 132.6027649641037, 133.2448192834854, 132.07637453079224, 133.41614603996277, 134.98872232437134, 133.66438508033752, 133.1280357837677, 136.30973613262177, 136.32416665554047, 133.67650949954987, 133.42927992343903, 135.3700144290924, 134.90709578990936, 136.35749304294586, 134.29099476337433, 134.52318465709686, 134.1460518836975, 135.75163459777832, 135.97158479690552]},